-- ============================================
-- DATA EXPORT: 2026-05-11 19:53:38
-- ============================================

SET FOREIGN_KEY_CHECKS = 0;

-- Data for table admins
INSERT IGNORE INTO `admins` (`id`, `username`, `password_hash`, `full_name`, `email`, `role`, `last_login`, `is_active`, `created_at`, `updated_at`) VALUES ('1', 'admin', '$2y$10$vPar3udT.QCcAzkXF4uK6eJtSG7Hm71njGeKBsKU8RMPNdNONR4t6', 'adminlift', 'admin@example.com', 'superadmin', '2026-05-11 11:57:05', '1', '2026-05-08 17:25:19', '2026-05-11 11:57:05');

-- Data for table cert_templates
INSERT IGNORE INTO `cert_templates` (`id`, `name`, `description`, `bg_image`, `elements`, `orientation`, `width_mm`, `height_mm`, `bg_type`, `bg_color`, `layout_json`, `font_name`, `logo_path`, `signature_paths`, `show_score`, `show_qr`, `show_date`, `show_name`, `show_course`, `show_certno`, `show_logo`, `show_sign1`, `show_sign2`, `color_primary`, `preview_image`, `is_active`, `created_by`, `created_at`, `updated_at`) VALUES ('1', 'Default Certificate', NULL, 'uploads/templates/bg_0090d5e4b9995c3568d0c05d.png', NULL, 'L', '297.00', '210.00', 'color', '#FFFFFF', '{\"logo\": {\"h\": 30, \"w\": 30, \"x\": 149.1, \"y\": 29.8}, \"name\": {\"x\": 150.1, \"y\": 95.6, \"size\": 32, \"align\": \"C\"}, \"sign1\": {\"h\": 40, \"w\": 40, \"x\": 149.7, \"y\": 172.1}, \"certno\": {\"x\": 269.7, \"y\": 24.4, \"size\": 12, \"align\": \"C\"}, \"qrcode\": {\"h\": 28, \"w\": 28, \"x\": 269.1, \"y\": 185.1}}', 'Sarabun', 'uploads/templates/logo_f2868b4570b94018fb3fd0af.png', '[{\"name\": \"\", \"path\": \"uploads/templates/sign1_d6fb8251ba16ec4903f22324.png\"}, {\"name\": \"\", \"path\": null}]', '0', '1', '0', '1', '0', '1', '1', '1', '0', '#000000', NULL, '1', NULL, '2026-05-11 11:53:50', '2026-05-11 18:44:37');
INSERT IGNORE INTO `cert_templates` (`id`, `name`, `description`, `bg_image`, `elements`, `orientation`, `width_mm`, `height_mm`, `bg_type`, `bg_color`, `layout_json`, `font_name`, `logo_path`, `signature_paths`, `show_score`, `show_qr`, `show_date`, `show_name`, `show_course`, `show_certno`, `show_logo`, `show_sign1`, `show_sign2`, `color_primary`, `preview_image`, `is_active`, `created_by`, `created_at`, `updated_at`) VALUES ('2', 'เทมเพลตใหม่', NULL, 'uploads/templates/bg_09051c86528e97cb.png', '[{\"h\": 15, \"w\": 150, \"x\": 150.113, \"y\": 85.357, \"id\": \"el_2\", \"type\": \"text\", \"style\": {\"bold\": true, \"font\": \"thsarabunnew\", \"size\": 50, \"align\": \"C\", \"color\": \"#1A1A1A\"}, \"anchor\": \"center\", \"content\": \"{{participant_name}}\"}]', 'L', '297.00', '210.00', 'image', '#FFFFFF', NULL, 'thsarabun', NULL, NULL, '0', '1', '1', '1', '1', '1', '1', '1', '1', '#E87722', NULL, '1', NULL, '2026-05-11 18:56:47', '2026-05-11 19:21:16');

-- Data for table projects
INSERT IGNORE INTO `projects` (`id`, `name`, `code`, `description`, `organizer`, `location`, `start_date`, `end_date`, `exam_start`, `exam_end`, `manual_override`, `warning_before`, `allow_early_login`, `auto_submit_on_close`, `pass_score`, `max_attempts`, `time_limit_min`, `question_count`, `randomize_questions`, `randomize_choices`, `show_result_immediately`, `cert_template_id`, `cert_number_prefix`, `cert_sequence`, `status`, `created_by`, `created_at`, `updated_at`) VALUES ('1', 'กลยุทธ์การบริหารเชิงคุณภาพสำนักงานสีเขียว (Green Office)', 'RERU-2569-001', 'เอกสารประกอบการบรรยาย https://drive.google.com/drive/folders/1-HmjiVy5U3s-rhfMWPyb0pyILzc924aJ?usp=drive_link', 'งานบริหารทรัพยากรบุคคลและนิติการ', 'มหาวิทยาลัยราชภัฏร้อยเอ็ด', '2026-05-07', '2026-05-08', '2026-05-11 14:00:00', '2026-05-11 20:00:00', '0', '30', '0', '0', '70.00', '1', '60', '0', '0', '0', '1', '2', 'CERT', '3', 'active', '1', '2026-05-11 14:04:17', '2026-05-11 18:58:39');

-- Data for table participants
INSERT IGNORE INTO `participants` (`id`, `project_id`, `title`, `first_name`, `last_name`, `organization`, `position`, `email`, `phone`, `id_card`, `access_token`, `note`, `import_batch`, `created_by`, `created_at`) VALUES ('3', '1', 'นาย', 'ทินภัทร', 'โพธิ์ชัย', NULL, NULL, NULL, NULL, NULL, '029721', NULL, NULL, '1', '2026-05-11 16:40:40');

-- Data for table questions
INSERT IGNORE INTO `questions` (`id`, `project_id`, `question_text`, `question_image`, `type`, `choices`, `correct_answer`, `explanation`, `score_weight`, `category`, `difficulty`, `order_num`, `is_active`, `created_by`, `created_at`) VALUES ('1', '1', 'องค์กรสีเขียว (Green Organization)  คือ', NULL, 'multiple_choice', '[{\"key\": \"a\", \"text\": \"องค์การที่มีตึกสีเขียว\"}, {\"key\": \"b\", \"text\": \"องค์กรที่มุ่งมั่นการอนุรักษ์ป่า และต้นไม้\"}, {\"key\": \"c\", \"text\": \"องค์กรใส่ใจสิ่งแวดล้อม ลดภาระทางสิ่งแวดล้อมที่ยั่งยืน\"}, {\"key\": \"d\", \"text\": \"องค์กรทีไม่หากำไรจากสิ่งแวดล้อม\"}]', 'c', NULL, '1.00', NULL, 'medium', '0', '1', '1', '2026-05-11 15:35:56');
INSERT IGNORE INTO `questions` (`id`, `project_id`, `question_text`, `question_image`, `type`, `choices`, `correct_answer`, `explanation`, `score_weight`, `category`, `difficulty`, `order_num`, `is_active`, `created_by`, `created_at`) VALUES ('2', '1', 'สำนักงานสีเขียว (Green Office)', NULL, 'multiple_choice', '[{\"key\": \"a\", \"text\": \"สำนักงานที่มีสภาพแวดล้อมร่มรื่น สวยงาม น่าอยู่\"}, {\"key\": \"b\", \"text\": \"สำนักงานที่มีกิจกรรมไม่หากำไรจากสิ่งแวดล้อม\"}, {\"key\": \"c\", \"text\": \"สำนักงานที่กิจกรรม ภายในส่งผลกระทบต่อสิ่งแวดล้อมน้อยที่สุด\"}, {\"key\": \"d\", \"text\": \"สำนักงานทาสีเขียว\"}]', 'c', NULL, '1.00', NULL, 'medium', '0', '1', '1', '2026-05-11 15:36:22');
INSERT IGNORE INTO `questions` (`id`, `project_id`, `question_text`, `question_image`, `type`, `choices`, `correct_answer`, `explanation`, `score_weight`, `category`, `difficulty`, `order_num`, `is_active`, `created_by`, `created_at`) VALUES ('3', '1', 'ข้อใดไม่ใช่เกณฑ์ในการประเมินสำนักงานสีเขียว', NULL, 'multiple_choice', '[{\"key\": \"a\", \"text\": \"การกำหนดนโยบาย\"}, {\"key\": \"b\", \"text\": \"การสื่อสาร สร้างจิตสำนึก\"}, {\"key\": \"c\", \"text\": \"การจัดการของเสีย\"}, {\"key\": \"d\", \"text\": \"ทุกข้อเป็นเกณฑ์ในการประเมินสำนักงานสีเขียว\"}]', 'd', NULL, '1.00', NULL, 'medium', '0', '1', '1', '2026-05-11 15:36:47');
INSERT IGNORE INTO `questions` (`id`, `project_id`, `question_text`, `question_image`, `type`, `choices`, `correct_answer`, `explanation`, `score_weight`, `category`, `difficulty`, `order_num`, `is_active`, `created_by`, `created_at`) VALUES ('4', '1', 'การอนุรักษ์ทรัพยากรธรรมชาติและสภาพแวดล้อม เป็นยุทธศาสตร์ข้อใดของมหาวิทยาลัยราชภัฏร้อยเอ็ด', NULL, 'multiple_choice', '[{\"key\": \"a\", \"text\": \"ยุทธศาสตร์ที่ 1\"}, {\"key\": \"b\", \"text\": \"ยุทธศาสตร์ที่ 3\"}, {\"key\": \"c\", \"text\": \"ยุทธศาสตร์ที่ 5\"}, {\"key\": \"d\", \"text\": \"ยุทธศาสตร์ที่ 6\"}]', 'c', NULL, '1.00', NULL, 'medium', '0', '1', '1', '2026-05-11 15:37:57');
INSERT IGNORE INTO `questions` (`id`, `project_id`, `question_text`, `question_image`, `type`, `choices`, `correct_answer`, `explanation`, `score_weight`, `category`, `difficulty`, `order_num`, `is_active`, `created_by`, `created_at`) VALUES ('5', '1', 'ปัจจุบันอุณหภูมิของโลกสูงกว่าอุณหภูมิเฉลี่ย 1880 – 1920 ประมาณกี่องศาเซลเซียส', NULL, 'multiple_choice', '[{\"key\": \"a\", \"text\": \"1.0\"}, {\"key\": \"b\", \"text\": \"1.2\"}, {\"key\": \"c\", \"text\": \"1.4\"}, {\"key\": \"d\", \"text\": \"1.6\"}]', 'b', NULL, '1.00', NULL, 'medium', '0', '1', '1', '2026-05-11 15:38:15');
INSERT IGNORE INTO `questions` (`id`, `project_id`, `question_text`, `question_image`, `type`, `choices`, `correct_answer`, `explanation`, `score_weight`, `category`, `difficulty`, `order_num`, `is_active`, `created_by`, `created_at`) VALUES ('6', '1', 'SDG Goals คือ', NULL, 'multiple_choice', '[{\"key\": \"a\", \"text\": \"เป้าหมายการพัฒนาที่ยั่งยืน\"}, {\"key\": \"b\", \"text\": \"เป้าหมายการพัฒนาลดจำนวนผู้ขาดสารอาหาร\"}, {\"key\": \"c\", \"text\": \"เป้าหมายความเท่าเทียมทางเพศและการเพิ่มอำนาจสตรี\"}, {\"key\": \"d\", \"text\": \"เป้าหมายส่งเสริมความเป็นหุ้นส่วนทั่วโลกสำหรับการพัฒนา\"}]', 'a', NULL, '1.00', NULL, 'medium', '0', '1', '1', '2026-05-11 15:38:46');
INSERT IGNORE INTO `questions` (`id`, `project_id`, `question_text`, `question_image`, `type`, `choices`, `correct_answer`, `explanation`, `score_weight`, `category`, `difficulty`, `order_num`, `is_active`, `created_by`, `created_at`) VALUES ('7', '1', 'THE SDG Impact Rankings 2025 มหาวิทยาลัยราชภัฏร้อยเอ็ดได้รับการจัดอันดับเป้าหมายใดที่ดีที่สุด', NULL, 'multiple_choice', '[{\"key\": \"a\", \"text\": \"เป้าหมายที่ 1: ขจัดความยากจน (No Poverty)\"}, {\"key\": \"b\", \"text\": \"เป้าหมายที่ 3: การมีสุขภาพและความเป็นอยู่ที่ดี (Good Health and Well-being)\"}, {\"key\": \"c\", \"text\": \"เป้าหมายที่ 4: การศึกษาที่มีคุณภาพ (Quality Education)\"}, {\"key\": \"d\", \"text\": \"เป้าหมายที่ 15: ระบบนิเวศบนบก (Life on Land)\"}]', 'c', NULL, '1.00', NULL, 'medium', '0', '1', '1', '2026-05-11 15:39:05');
INSERT IGNORE INTO `questions` (`id`, `project_id`, `question_text`, `question_image`, `type`, `choices`, `correct_answer`, `explanation`, `score_weight`, `category`, `difficulty`, `order_num`, `is_active`, `created_by`, `created_at`) VALUES ('8', '1', 'มหาวิทยาลัยราชภัฏร้อยเอ็ดมีวิสัยทัศน์ (Vision) ว่าอย่างไร', NULL, 'multiple_choice', '[{\"key\": \"a\", \"text\": \"มหาวิทยาลัยสร้างปัญญาและนวัตกรรมชุมชน สู่สากล อย่างยั่งยืน\"}, {\"key\": \"b\", \"text\": \"เป็นมหาวิทยาลัยแห่งการเรียนรู้ วิจัย และสร้างนวัตกรรมระดับโลก เพื่อการพัฒนาอย่างยั่งยืน\"}, {\"key\": \"c\", \"text\": \"เป็นสถาบันอุดมศึกษาชั้นนําเพื่อการพัฒนาคุณภาพชีวิตของท้องถิ่นอย่างยั่งยืน\"}, {\"key\": \"d\", \"text\": \"มุ่งสู่การเป็นมหาวิทยาลัยชั้นนำในระดับชาติหรือนานาชาติ\"}]', 'c', NULL, '1.00', NULL, 'medium', '0', '1', '1', '2026-05-11 15:39:27');
INSERT IGNORE INTO `questions` (`id`, `project_id`, `question_text`, `question_image`, `type`, `choices`, `correct_answer`, `explanation`, `score_weight`, `category`, `difficulty`, `order_num`, `is_active`, `created_by`, `created_at`) VALUES ('9', '1', 'นักศึกษาท่านหนึ่ง บอกพนักงานขายให้ใส่ของที่ซื้อทั้งหมดในถุงพลาสติกใบเดียว  การกระทำนี้จัดว่าเป็นการลดปริมาณขยะวิธีใด', NULL, 'multiple_choice', '[{\"key\": \"a\", \"text\": \"Reduce\"}, {\"key\": \"b\", \"text\": \"Repair\"}, {\"key\": \"c\", \"text\": \"Reuse\"}, {\"key\": \"d\", \"text\": \"Return\"}]', 'a', NULL, '1.00', NULL, 'medium', '0', '1', '1', '2026-05-11 15:39:50');
INSERT IGNORE INTO `questions` (`id`, `project_id`, `question_text`, `question_image`, `type`, `choices`, `correct_answer`, `explanation`, `score_weight`, `category`, `difficulty`, `order_num`, `is_active`, `created_by`, `created_at`) VALUES ('10', '1', 'ข้อใดเป็นองค์ประกอบ ของแนวคิดตามหลัก 3R', NULL, 'multiple_choice', '[{\"key\": \"a\", \"text\": \"Reduce, Repair, Reuse\"}, {\"key\": \"b\", \"text\": \"Reduce, Reuse , Recycle\"}, {\"key\": \"c\", \"text\": \"Reduce, Reuse, Return\"}, {\"key\": \"d\", \"text\": \"Reuse, Recycle, Refuse\"}]', 'b', NULL, '1.00', NULL, 'medium', '0', '1', '1', '2026-05-11 15:40:13');
INSERT IGNORE INTO `questions` (`id`, `project_id`, `question_text`, `question_image`, `type`, `choices`, `correct_answer`, `explanation`, `score_weight`, `category`, `difficulty`, `order_num`, `is_active`, `created_by`, `created_at`) VALUES ('11', '1', 'เครื่องมือที่ใช้ในการตรวจวัดความเข้มของแสงสว่างในสำนักงานต้องมีลักษณะอย่างไรเพื่อให้ผลการตรวจน่าเชื่อถือ', NULL, 'multiple_choice', '[{\"key\": \"a\", \"text\": \"ต้องเป็นเครื่องใหม่แกะกล่องเสมอ\"}, {\"key\": \"b\", \"text\": \"ต้องได้รับการสอบเทียบ (Calibration) ตามมาตรฐาน\"}, {\"key\": \"c\", \"text\": \"ต้องมีราคาแพงและทันสมัยที่สุด\"}, {\"key\": \"d\", \"text\": \"ต้องใช้เฉพาะเจ้าหน้าที่จากภายนอกเท่านั้น\"}]', 'b', NULL, '1.00', NULL, 'medium', '0', '1', '1', '2026-05-11 15:40:33');
INSERT IGNORE INTO `questions` (`id`, `project_id`, `question_text`, `question_image`, `type`, `choices`, `correct_answer`, `explanation`, `score_weight`, `category`, `difficulty`, `order_num`, `is_active`, `created_by`, `created_at`) VALUES ('12', '1', 'ข้อใดคือแนวทางที่เหมาะสมในการจัดการ \"ฝุ่นผงหมึก\" จากเครื่องพิมพ์หรือเครื่องถ่ายเอกสาร', NULL, 'multiple_choice', '[{\"key\": \"a\", \"text\": \"วางเครื่องไว้บนโต๊ะทำงานของผู้ปฏิบัติงานเพื่อให้ใช้งานสะดวก\"}, {\"key\": \"b\", \"text\": \"ตั้งเครื่องไว้ในห้องที่ไม่มีหน้าต่างระบายอากาศ\"}, {\"key\": \"c\", \"text\": \"ติดตั้งเครื่องในบริเวณที่ห่างจากที่นั่งทำงานและมีการระบายอากาศที่ดี\"}, {\"key\": \"d\", \"text\": \"ไม่ต้องดูแลเป็นพิเศษเพราะผงหมึกไม่มีอันตราย\"}]', 'c', NULL, '1.00', NULL, 'medium', '0', '1', '1', '2026-05-11 15:41:10');
INSERT IGNORE INTO `questions` (`id`, `project_id`, `question_text`, `question_image`, `type`, `choices`, `correct_answer`, `explanation`, `score_weight`, `category`, `difficulty`, `order_num`, `is_active`, `created_by`, `created_at`) VALUES ('13', '1', 'ข้อใดคือการจัดการกับขยะพวกถ่านรีโมท แบตเตอรี่เครื่องสำรองไฟที่ถูกต้อง', NULL, 'multiple_choice', '[{\"key\": \"a\", \"text\": \"ทิ้งลงถังสีเหลือง\"}, {\"key\": \"b\", \"text\": \"ใส่ถุงมัดปากแน่นๆ แล้วทิ้งลงถังขยะ\"}, {\"key\": \"c\", \"text\": \"ทิ้งที่จุดรวบรวม e-waste หรือถังแดง\"}, {\"key\": \"d\", \"text\": \"เผาด้วยความร้อนสูง\"}]', 'c', NULL, '1.00', NULL, 'medium', '0', '1', '1', '2026-05-11 15:41:33');
INSERT IGNORE INTO `questions` (`id`, `project_id`, `question_text`, `question_image`, `type`, `choices`, `correct_answer`, `explanation`, `score_weight`, `category`, `difficulty`, `order_num`, `is_active`, `created_by`, `created_at`) VALUES ('14', '1', 'ข้อใดคือการจัดการกับเศษอาหารที่ \"ไม่เหมาะสม\"', NULL, 'multiple_choice', '[{\"key\": \"a\", \"text\": \"นำไปเลี้ยงสัตว์\"}, {\"key\": \"b\", \"text\": \"นำไปทำปุ๋ยหมัก\"}, {\"key\": \"c\", \"text\": \"นำไปฝังในถังรักษ์โลก\"}, {\"key\": \"d\", \"text\": \"มัดใส่ถุงพลาสติกแน่นๆ แล้วทิ้งรวม\"}]', 'd', NULL, '1.00', NULL, 'medium', '0', '1', '1', '2026-05-11 15:41:50');
INSERT IGNORE INTO `questions` (`id`, `project_id`, `question_text`, `question_image`, `type`, `choices`, `correct_answer`, `explanation`, `score_weight`, `category`, `difficulty`, `order_num`, `is_active`, `created_by`, `created_at`) VALUES ('15', '1', 'ช่วงเวลา Peak ของระบบ TOU คือช่วงใด', NULL, 'multiple_choice', '[{\"key\": \"a\", \"text\": \"18:00–24:00 น.\"}, {\"key\": \"b\", \"text\": \"22:00–09:00 น.\"}, {\"key\": \"c\", \"text\": \"00:00–06:00 น.\"}, {\"key\": \"d\", \"text\": \"09:00–22:00 น.\"}]', 'd', NULL, '1.00', NULL, 'medium', '0', '1', '1', '2026-05-11 15:43:32');
INSERT IGNORE INTO `questions` (`id`, `project_id`, `question_text`, `question_image`, `type`, `choices`, `correct_answer`, `explanation`, `score_weight`, `category`, `difficulty`, `order_num`, `is_active`, `created_by`, `created_at`) VALUES ('16', '1', 'Solar Rooftop เหมาะกับมหาวิทยาลัยเพราะเหตุใด', NULL, 'multiple_choice', '[{\"key\": \"a\", \"text\": \"ไม่มีค่าใช้จ่าย\"}, {\"key\": \"b\", \"text\": \"ใช้ไฟช่วงกลางคืน\"}, {\"key\": \"c\", \"text\": \"ไม่ต้องบำรุงรักษา\"}, {\"key\": \"d\", \"text\": \"ใช้ไฟช่วงกลางวันสูง\"}]', 'd', NULL, '1.00', NULL, 'medium', '0', '1', '1', '2026-05-11 15:43:53');
INSERT IGNORE INTO `questions` (`id`, `project_id`, `question_text`, `question_image`, `type`, `choices`, `correct_answer`, `explanation`, `score_weight`, `category`, `difficulty`, `order_num`, `is_active`, `created_by`, `created_at`) VALUES ('17', '1', 'แนวทางสำคัญที่สุดของการประหยัดพลังงานคือข้อใด', NULL, 'multiple_choice', '[{\"key\": \"a\", \"text\": \"ปรับเปลี่ยนพฤติกรรมการใช้พลังงาน\"}, {\"key\": \"b\", \"text\": \"ซื้ออุปกรณ์ใหม่ทั้งหมด\"}, {\"key\": \"c\", \"text\": \"ลดเวลาเรียน\"}, {\"key\": \"d\", \"text\": \"ปิดมหาวิทยาลัยช่วงกลางวัน\"}]', 'a', NULL, '1.00', NULL, 'medium', '0', '1', '1', '2026-05-11 15:44:11');
INSERT IGNORE INTO `questions` (`id`, `project_id`, `question_text`, `question_image`, `type`, `choices`, `correct_answer`, `explanation`, `score_weight`, `category`, `difficulty`, `order_num`, `is_active`, `created_by`, `created_at`) VALUES ('18', '1', 'ทฤษฎีสามเหลี่ยมแห่งไฟประกอบไปด้วยอะไรบ้าง', NULL, 'multiple_choice', '[{\"key\": \"a\", \"text\": \"เชื้อเพลิง ความร้อน ออกซิเจน\"}, {\"key\": \"b\", \"text\": \"เชื้อเพลิง ความร้อน คาร์บอนไดออกไซค์\"}, {\"key\": \"c\", \"text\": \"เชื้อเพลิง ความร้อน คาร์บอน\"}, {\"key\": \"d\", \"text\": \"เชื้อเพลิง ความร้อน นิวตรอน\"}]', 'a', NULL, '1.00', NULL, 'medium', '0', '1', '1', '2026-05-11 15:44:31');
INSERT IGNORE INTO `questions` (`id`, `project_id`, `question_text`, `question_image`, `type`, `choices`, `correct_answer`, `explanation`, `score_weight`, `category`, `difficulty`, `order_num`, `is_active`, `created_by`, `created_at`) VALUES ('19', '1', 'การปิดหัวแก๊สครัวเรือน หมุนไปทางไหน', NULL, 'multiple_choice', '[{\"key\": \"a\", \"text\": \"ตามเข็มนาฬิกา\"}, {\"key\": \"b\", \"text\": \"ทวนเข็มนาฬิกา\"}, {\"key\": \"c\", \"text\": \"ทวนแล้วก็ตาม\"}, {\"key\": \"d\", \"text\": \"ถุกทุกข้อ\"}]', 'a', NULL, '1.00', NULL, 'medium', '0', '1', '1', '2026-05-11 15:44:51');
INSERT IGNORE INTO `questions` (`id`, `project_id`, `question_text`, `question_image`, `type`, `choices`, `correct_answer`, `explanation`, `score_weight`, `category`, `difficulty`, `order_num`, `is_active`, `created_by`, `created_at`) VALUES ('20', '1', 'ถุกทุกข้อ', NULL, 'multiple_choice', '[{\"key\": \"a\", \"text\": \"โซนสีเขียว\"}, {\"key\": \"b\", \"text\": \"โซนสีแดง\"}, {\"key\": \"c\", \"text\": \"โซนสีไหนก็ได้\"}, {\"key\": \"d\", \"text\": \"ถุกทุกข้อ\"}]', 'a', NULL, '1.00', NULL, 'medium', '0', '1', '1', '2026-05-11 15:45:13');

-- Data for table exam_sessions
INSERT IGNORE INTO `exam_sessions` (`id`, `participant_id`, `project_id`, `attempt_no`, `question_order`, `score`, `total_score`, `percent`, `status`, `result`, `started_at`, `submitted_at`, `expires_at`, `ip_address`, `user_agent`) VALUES ('5', '3', '1', '1', '[1, 2, 3, 4, 5, 6, 7, 8, 9, 10, 11, 12, 13, 14, 15, 16, 17, 18, 19, 20]', '19.00', '20.00', '95.00', 'submitted', 'pass', '2026-05-11 18:13:14', '2026-05-11 18:58:39', '2026-05-11 19:13:14', '::1', 'Mozilla/5.0 (Windows NT 10.0; Win64; x64) AppleWebKit/537.36 (KHTML, like Gecko) Chrome/147.0.0.0 Safari/537.36 Edg/147.0.0.0');

-- Data for table answer_logs
INSERT IGNORE INTO `answer_logs` (`id`, `session_id`, `question_id`, `given_answer`, `is_correct`, `score_earned`, `grading_status`, `answered_at`) VALUES ('124', '5', '1', 'c', '1', '1.00', 'auto', '2026-05-11 18:58:39');
INSERT IGNORE INTO `answer_logs` (`id`, `session_id`, `question_id`, `given_answer`, `is_correct`, `score_earned`, `grading_status`, `answered_at`) VALUES ('125', '5', '2', 'c', '1', '1.00', 'auto', '2026-05-11 18:58:39');
INSERT IGNORE INTO `answer_logs` (`id`, `session_id`, `question_id`, `given_answer`, `is_correct`, `score_earned`, `grading_status`, `answered_at`) VALUES ('126', '5', '3', 'd', '1', '1.00', 'auto', '2026-05-11 18:58:39');
INSERT IGNORE INTO `answer_logs` (`id`, `session_id`, `question_id`, `given_answer`, `is_correct`, `score_earned`, `grading_status`, `answered_at`) VALUES ('127', '5', '4', 'c', '1', '1.00', 'auto', '2026-05-11 18:58:39');
INSERT IGNORE INTO `answer_logs` (`id`, `session_id`, `question_id`, `given_answer`, `is_correct`, `score_earned`, `grading_status`, `answered_at`) VALUES ('128', '5', '5', 'b', '1', '1.00', 'auto', '2026-05-11 18:58:39');
INSERT IGNORE INTO `answer_logs` (`id`, `session_id`, `question_id`, `given_answer`, `is_correct`, `score_earned`, `grading_status`, `answered_at`) VALUES ('129', '5', '6', 'a', '1', '1.00', 'auto', '2026-05-11 18:58:39');
INSERT IGNORE INTO `answer_logs` (`id`, `session_id`, `question_id`, `given_answer`, `is_correct`, `score_earned`, `grading_status`, `answered_at`) VALUES ('130', '5', '7', 'c', '1', '1.00', 'auto', '2026-05-11 18:58:39');
INSERT IGNORE INTO `answer_logs` (`id`, `session_id`, `question_id`, `given_answer`, `is_correct`, `score_earned`, `grading_status`, `answered_at`) VALUES ('131', '5', '8', 'c', '1', '1.00', 'auto', '2026-05-11 18:58:39');
INSERT IGNORE INTO `answer_logs` (`id`, `session_id`, `question_id`, `given_answer`, `is_correct`, `score_earned`, `grading_status`, `answered_at`) VALUES ('132', '5', '9', 'a', '1', '1.00', 'auto', '2026-05-11 18:58:39');
INSERT IGNORE INTO `answer_logs` (`id`, `session_id`, `question_id`, `given_answer`, `is_correct`, `score_earned`, `grading_status`, `answered_at`) VALUES ('133', '5', '10', 'b', '1', '1.00', 'auto', '2026-05-11 18:58:39');
INSERT IGNORE INTO `answer_logs` (`id`, `session_id`, `question_id`, `given_answer`, `is_correct`, `score_earned`, `grading_status`, `answered_at`) VALUES ('134', '5', '11', 'b', '1', '1.00', 'auto', '2026-05-11 18:58:39');
INSERT IGNORE INTO `answer_logs` (`id`, `session_id`, `question_id`, `given_answer`, `is_correct`, `score_earned`, `grading_status`, `answered_at`) VALUES ('135', '5', '12', 'c', '1', '1.00', 'auto', '2026-05-11 18:58:39');
INSERT IGNORE INTO `answer_logs` (`id`, `session_id`, `question_id`, `given_answer`, `is_correct`, `score_earned`, `grading_status`, `answered_at`) VALUES ('136', '5', '13', 'c', '1', '1.00', 'auto', '2026-05-11 18:58:39');
INSERT IGNORE INTO `answer_logs` (`id`, `session_id`, `question_id`, `given_answer`, `is_correct`, `score_earned`, `grading_status`, `answered_at`) VALUES ('137', '5', '14', 'd', '1', '1.00', 'auto', '2026-05-11 18:58:39');
INSERT IGNORE INTO `answer_logs` (`id`, `session_id`, `question_id`, `given_answer`, `is_correct`, `score_earned`, `grading_status`, `answered_at`) VALUES ('138', '5', '15', 'd', '1', '1.00', 'auto', '2026-05-11 18:58:39');
INSERT IGNORE INTO `answer_logs` (`id`, `session_id`, `question_id`, `given_answer`, `is_correct`, `score_earned`, `grading_status`, `answered_at`) VALUES ('139', '5', '16', 'd', '1', '1.00', 'auto', '2026-05-11 18:58:39');
INSERT IGNORE INTO `answer_logs` (`id`, `session_id`, `question_id`, `given_answer`, `is_correct`, `score_earned`, `grading_status`, `answered_at`) VALUES ('140', '5', '17', 'a', '1', '1.00', 'auto', '2026-05-11 18:58:39');
INSERT IGNORE INTO `answer_logs` (`id`, `session_id`, `question_id`, `given_answer`, `is_correct`, `score_earned`, `grading_status`, `answered_at`) VALUES ('141', '5', '18', 'c', '0', '0.00', 'auto', '2026-05-11 18:58:39');
INSERT IGNORE INTO `answer_logs` (`id`, `session_id`, `question_id`, `given_answer`, `is_correct`, `score_earned`, `grading_status`, `answered_at`) VALUES ('142', '5', '19', 'a', '1', '1.00', 'auto', '2026-05-11 18:58:39');
INSERT IGNORE INTO `answer_logs` (`id`, `session_id`, `question_id`, `given_answer`, `is_correct`, `score_earned`, `grading_status`, `answered_at`) VALUES ('143', '5', '20', 'a', '1', '1.00', 'auto', '2026-05-11 18:58:39');

-- Data for table certificates
INSERT IGNORE INTO `certificates` (`id`, `cert_number`, `participant_id`, `project_id`, `session_id`, `template_id`, `issued_date`, `issued_by`, `file_path`, `verify_token`, `verify_url`, `download_count`, `last_downloaded_at`, `is_revoked`, `revoke_reason`, `created_at`) VALUES ('2', 'CERT-2569-00002', '3', '1', '5', '2', '2026-05-11', NULL, 'uploads/certificates/CERT-2569-00002.pdf', '0fc23e0fcb321d7f47f45569a883ada1ddbb0d2f8b4ce92b4ad4f1116ababe86', 'http://localhost/examcert/verify?t=0fc23e0fcb321d7f47f45569a883ada1ddbb0d2f8b4ce92b4ad4f1116ababe86', '3', '2026-05-11 19:23:02', '0', NULL, '2026-05-11 18:58:39');

SET FOREIGN_KEY_CHECKS = 1;
